movie_id,title,genre,release_year
1,Number Congress,Action,2017
2,Employee behavior account,Thriller,2005
3,Window around that,Romance,1982
4,Wide agency,Comedy,1993
5,Rather agree,Drama,2019
6,Network knowledge edge,Sci-Fi,2019
7,Drop brother,Drama,1983
8,Threat important I,Horror,1997
9,Music mind,Sci-Fi,2004
10,Expect,Horror,2002
11,Sort argue,Sci-Fi,1987
12,Firm theory,Comedy,1992
13,Medical artist take,Action,2004
14,Case threat edge,Horror,2006
15,Local material nature,Horror,2007
16,Program result check,Drama,1990
17,College old,Drama,2002
18,Our hour customer,Romance,2023
19,Onto hospital relate,Sci-Fi,2011
20,Position series,Thriller,2006
21,Human,Action,2011
22,Third skill try those,Sci-Fi,2004
23,Suggest by plan power,Thriller,2015
24,Line contain kid,Drama,2003
25,Performance sound institution,Sci-Fi,1996
26,Investment hit,Action,1984
27,Hard,Romance,1986
28,Order there,Drama,1998
29,Agent space,Action,2007
30,Believe attorney still,Drama,2000
31,Data late too positive,Horror,1988
32,Drive information attack,Thriller,2022
33,Short one,Horror,1980
34,Dream may instead,Romance,2006
35,Sure amount,Drama,2004
36,Police check finally,Thriller,2022
37,Happy identify listen,Drama,1982
38,Give line,Comedy,2011
39,Yes cell hour wind,Comedy,1999
40,Board trip wide,Drama,2003
41,Talk old,Comedy,1995
42,Space speech,Horror,1990
43,Firm ready,Horror,1982
44,Order,Romance,1993
45,Safe along,Thriller,1986
46,Her,Action,1981
47,Collection almost,Thriller,1985
48,Heart let,Sci-Fi,2022
49,Score,Horror,2014
50,Play hair factor,Romance,1998
